timestamp_ms,accel_x,accel_y,accel_z,gyro_x,gyro_y,gyro_z,gps_lat,gps_lon,gps_accuracy_m
1787584787612,-0.01806,0.54761,-0.47140,-0.223161,-0.157494,0.110499,13.1288161,77.5895242,240.24
1787584787612,-0.01806,0.54761,-0.47140,-0.223161,-0.157494,0.110499,,,
1787584787612,-0.62664,0.32518,0.22319,0.124937,-0.943454,-0.309412,,,
1787584787612,-0.01794,0.26930,1.18810,0.081411,-0.705872,-0.256035,,,
1787584787612,-0.18918,-0.16218,2.14454,-0.508727,0.034722,0.042715,,,
1787584787612,-0.53880,-0.27811,1.47883,-0.679278,0.356989,-0.025071,,,
1787584787612,-0.48488,-0.56900,1.34877,-0.603095,0.443322,-0.234403,,,
1787584787612,0.21945,-0.73044,0.96714,-0.467600,-0.276538,-0.266282,,,
1787584787612,0.21945,-0.73044,0.96714,-0.467600,-0.276538,-0.266282,,,
1787584787612,0.19176,-0.26513,-0.60608,-0.041302,0.014627,0.090233,,,
1787584787612,0.05470,-0.94191,-0.56274,0.077546,-0.072035,0.272938,,,
1787584787612,-0.47391,-1.29811,-1.23729,-0.098443,-0.395584,-0.152454,,,
1787584787612,-0.39637,-0.58045,-1.93686,0.011934,0.230275,-0.215227,,,
1787584787612,-0.34205,-0.59026,-1.16905,-0.174183,0.490154,-0.071637,,,
1787584787612,-0.74498,-0.65398,-0.51478,-0.789302,-0.064894,-0.537873,,,
1787584787612,-0.74498,-0.65398,-0.51478,-0.789302,-0.064894,-0.537873,,,
1787584787612,-1.28287,1.44986,-1.89443,-0.773871,-0.021257,-0.614014,,,
1787584787612,-1.31902,2.15448,-1.73263,-0.160089,0.776806,0.058993,,,
1787584787612,-1.53336,0.41700,-0.43805,0.380237,0.396786,0.140107,,,
1787584787612,-1.78843,-0.26381,0.03597,0.530194,-0.643835,-0.345849,,,
1787584787612,-2.22221,0.07713,-0.40101,0.335096,-1.110492,-0.969587,,,
1787584787612,-2.19331,0.67121,-0.48839,0.251204,-0.747606,-1.206477,,,
1787584787612,-2.19331,0.67121,-0.48839,0.251204,-0.747606,-1.206477,,,
1787584787612,-1.48304,1.57883,0.54995,0.315029,-0.118225,-0.954039,,,
1787584787612,-1.43138,0.22102,1.85846,0.218016,0.203375,-0.689496,,,
1787584787612,-0.63665,-0.61604,2.45550,-0.164676,0.737721,-0.894026,,,
1787584787612,-0.27035,-0.97219,2.00763,-0.577664,0.794052,-0.972903,,,
1787584787612,1.33550,-1.66192,-0.07773,-0.361048,0.445186,-0.782960,,,
1787584787612,1.58439,-1.89713,-0.41418,0.091004,-0.199621,-0.532919,,,
1787584787612,1.58439,-1.89713,-0.41418,0.091004,-0.199621,-0.532919,,,
1787584787612,1.39426,-2.65455,-1.53354,0.202052,-1.015304,-0.450046,,,
1787584787612,0.76823,-0.93355,-3.46432,0.234926,-0.599707,-0.480821,,,
1787584787612,1.06749,0.79612,-3.71843,0.476664,1.415803,0.448305,,,
1787584787612,1.68249,-0.34473,-1.28189,0.063988,0.827139,0.760419,,,
1787584787612,0.66167,0.60050,-1.04089,0.140784,-0.230485,0.516261,,,
1787584787612,-0.00422,1.88296,-0.40823,0.758636,-0.376017,0.439157,,,
1787584787612,-0.00422,1.88296,-0.40823,0.758636,-0.376017,0.439157,,,
1787584787612,-0.80759,1.28811,2.33690,0.671880,-0.360012,0.070864,,,
1787584787612,0.03815,0.84573,3.37505,-0.258122,-0.382443,-0.136506,,,
1787584787612,0.72678,0.28312,1.48763,-0.860878,0.485017,-0.048526,,,
1787584789612,1.25059,-0.00215,0.80992,-0.883508,0.979062,0.435710,13.1289593,77.5893760,49.79
1787584789612,-0.50614,0.63314,0.90469,-0.600504,0.973531,0.409631,,,
1787584789612,-0.76226,0.29311,1.54075,-0.085236,0.788376,0.534553,,,
1787584789612,-0.76226,0.29311,1.54075,-0.085236,0.788376,0.534553,,,
1787584789612,-0.71126,-0.16421,2.86192,0.010211,-0.292350,0.480915,,,
1787584789612,-0.49197,-0.47266,2.17466,-0.209037,-0.654846,0.397879,,,
1787584789612,-0.92966,-0.12556,1.12964,-0.464532,-0.554202,0.358371,,,
1787584789612,-0.70608,0.07993,-0.09040,-0.412913,-0.322750,0.398409,,,
1787584789612,-0.55923,-0.29786,-0.79961,-0.251695,-0.290432,0.516134,,,
1787584789612,-0.68550,-0.50144,-1.30627,-0.258108,-0.592966,0.270452,,,
1787584789612,-0.68550,-0.50144,-1.30627,-0.258108,-0.592966,0.270452,,,
1787584789612,-0.10174,-0.22610,-1.48061,-0.253586,-0.479458,0.205904,,,
1787584789612,0.35772,-0.41670,-1.15365,-0.864696,-0.460322,0.007977,,,
1787584789612,-1.01290,0.57641,-1.68938,-1.637643,-0.479850,-0.553315,,,
1787584789612,-1.11684,1.71229,-3.46842,-1.110919,0.098916,-0.650648,,,
1787584789612,0.06822,1.06994,-0.77460,-0.318231,0.349763,-0.258991,,,
1787584789612,-0.12003,0.20327,0.74920,-0.007831,-0.456112,-0.245416,,,
1787584789612,-0.12003,0.20327,0.74920,-0.007831,-0.456112,-0.245416,,,
1787584789612,-0.51469,-0.25460,1.57068,0.067330,-0.778055,-0.413207,,,
1787584789612,-0.27794,0.06880,1.32853,-0.098525,-0.422237,-0.219390,,,
1787584789612,-0.45287,-0.73051,1.24103,-0.232675,-0.114207,-0.118848,,,
1787584789612,-0.74202,-1.22034,1.22355,-0.131226,-0.273490,-0.389103,,,
1787584789612,0.23502,-1.22744,0.84849,0.359658,-0.667514,-0.451629,,,
1787584789612,0.81600,-1.20641,0.96429,0.487779,-0.825095,-0.251126,,,
1787584789612,0.81600,-1.20641,0.96429,0.487779,-0.825095,-0.251126,,,
1787584789612,1.86045,-1.78294,0.10856,0.075640,-0.974243,-0.090522,,,
1787584789612,2.35963,-1.85206,-1.90939,0.098306,-0.522990,0.137338,,,
1787584789612,2.63291,-0.95273,-2.88801,0.349664,0.464095,0.376180,,,
1787584789612,2.93509,-0.33170,-1.74544,0.094622,0.484397,0.653295,,,
1787584789612,2.94265,0.17605,-2.49873,0.157922,-0.097962,0.789168,,,
1787584789612,1.61329,0.85800,-3.01659,0.222330,0.775982,0.660217,,,
1787584789612,1.61329,0.85800,-3.01659,0.222330,0.775982,0.660217,,,
1787584789612,2.20844,1.78165,-1.96335,-0.163209,1.487949,0.687093,,,
1787584789612,1.86279,2.00614,-0.87092,-0.166443,1.682166,1.046327,,,
1787584789612,1.03980,1.40743,0.21754,0.112883,0.617513,1.059795,,,
1787584789612,0.42307,1.39173,0.19149,0.567654,-0.351864,1.004511,,,
1787584789612,-0.37204,1.50408,0.49579,0.864305,-0.287417,1.103636,,,
1787584789612,-1.00384,1.00105,1.74823,0.762204,0.222901,1.074971,,,
1787584789612,-1.00384,1.00105,1.74823,0.762204,0.222901,1.074971,,,
1787584789612,-1.44478,0.21479,3.73416,0.241687,0.433513,0.832125,,,
1787584789612,-1.27084,-0.20674,4.05046,-0.311172,0.078104,0.462647,,,
1787584789612,-0.56891,0.10879,2.75825,-0.450956,-0.277633,0.231823,,,
1787584789612,0.14495,0.78022,1.50324,-0.358181,-0.295401,0.444234,,,
1787584789612,-0.39192,0.98129,0.27378,-0.141952,-0.135660,0.663309,,,
1787584789612,-0.40152,0.22638,-0.27434,0.051041,-0.125023,0.628922,,,
1787584789612,-0.40152,0.22638,-0.27434,0.051041,-0.125023,0.628922,,,
1787584789612,-0.81518,0.03748,-1.26654,-0.339151,-0.321750,0.220239,,,
1787584789612,-0.44180,0.73710,-3.71973,-0.423836,0.654561,0.246388,,,
1787584789612,-0.91862,0.05622,-3.13361,-0.073785,0.671854,0.091876,,,
1787584789612,-1.53037,-0.71360,-1.42884,-0.344108,-0.212152,-0.688194,,,
1787584789612,-1.50731,0.78223,-2.45735,-0.711589,0.045204,-1.103365,,,
1787584789612,-1.18353,1.76450,-2.47454,-0.360395,0.791672,-0.625641,,,
1787584789612,-1.18353,1.76450,-2.47454,-0.360395,0.791672,-0.625641,,,
1787584789612,-2.19000,0.65644,0.10604,-0.120025,0.345978,-0.524263,,,
1787584789612,-2.74406,0.30151,1.02904,0.104826,-0.166222,-0.804054,,,
1787584789612,-2.85290,0.22927,2.18264,0.158165,-0.372329,-1.107475,,,
1787584789612,-2.32681,-0.05840,2.86811,0.000250,-0.570096,-1.221355,,,
1787584789612,-1.75985,-0.61841,2.56035,-0.016709,-0.821632,-1.175507,,,
1787584789612,-1.02121,-0.98172,2.00215,0.087593,-1.065896,-1.167621,,,
1787584789612,-1.02121,-0.98172,2.00215,0.087593,-1.065896,-1.167621,,,
1787584789612,0.32412,-1.50639,0.75637,-0.106968,-1.040269,-1.207547,,,
1787584789612,2.23644,-1.26840,-0.96400,-0.376571,-0.848805,-0.816988,,,
1787584789612,3.77883,-0.62742,-3.45413,-0.174858,0.056326,-0.023401,,,
1787584789612,3.41693,-0.22896,-3.86983,-0.209700,0.876927,-0.243483,,,
1787584789612,5.44311,0.54534,-4.84933,0.090540,1.794181,-0.528394,,,
1787584789612,5.76738,1.88919,-1.69681,-0.138500,2.144579,1.307192,,,
1787584789612,5.76738,1.88919,-1.69681,-0.138500,2.144579,1.307192,,,
1787584789612,2.10001,-0.23500,0.10730,-0.572105,0.892605,1.799940,,,
1787584789612,-0.13628,-0.19164,-0.78829,0.029196,0.320430,1.221002,,,
1787584789612,-0.49547,0.68453,0.22515,0.429227,0.675706,1.449557,,,
1787584789612,-1.51635,-0.02616,1.32968,0.084752,-0.153079,1.462812,,,
1787584789612,-3.17353,-0.72499,-0.72987,0.389259,-0.851416,0.565015,,,
1787584789612,-3.37682,0.38270,-1.10357,0.934842,-0.575106,-0.255627,,,
1787584789612,-3.37682,0.38270,-1.10357,0.934842,-0.575106,-0.255627,,,
1787584789612,-3.20894,1.52013,0.14459,0.865143,0.241220,-0.417251,,,
1787584789612,-2.57819,1.15151,1.56967,0.604043,0.680940,-0.166297,,,
1787584789612,-2.47902,0.60501,2.29816,0.586484,0.461011,-0.054714,,,
1787584789612,-2.68083,0.40998,2.49365,0.584569,-0.062598,-0.311224,,,
1787584789612,-1.85529,0.82638,1.28601,0.448898,-0.524051,-0.465600,,,
1787584789612,-1.68248,1.02619,-0.08219,0.391969,-0.771521,-0.504198,,,
1787584789612,-1.68248,1.02619,-0.08219,0.391969,-0.771521,-0.504198,,,
1787584789612,-1.98090,0.73760,-1.86669,0.337143,-0.902009,-1.047222,,,
1787584789612,-1.53195,1.33634,-3.01755,0.477999,0.120378,-1.217655,,,
1787584789612,-1.22866,0.91180,-0.03156,-0.197366,0.760146,-1.243541,,,
1787584789612,-2.09078,0.01795,-0.38626,-1.462326,1.307472,-2.335098,,,
1787584789612,-1.70864,1.88477,-1.67571,-1.065727,2.505309,-2.400457,,,
1787584789612,-1.49783,1.52965,1.06479,-0.501350,0.561778,-1.920381,,,
1787584789612,-1.49783,1.52965,1.06479,-0.501350,0.561778,-1.920381,,,
1787584789612,-1.07337,-0.04446,0.22635,-0.282008,-1.902386,-1.774722,,,
1787584789612,-1.36059,0.19667,-1.95909,0.437084,-2.713402,-1.371321,,,
1787584789612,-2.30539,0.40016,-1.85604,1.111298,-1.772238,-1.187394,,,
1787584789612,-1.11339,-0.63511,1.03040,1.015701,-1.573326,-0.941105,,,
1787584789612,-1.13647,-1.12836,1.94646,0.753631,-1.638716,-0.895471,,,
1787584789612,-0.65671,-1.58935,1.70524,0.421872,-1.238313,-1.022438,,,
1787584789612,-0.65671,-1.58935,1.70524,0.421872,-1.238313,-1.022438,,,
1787584789612,0.26364,-2.15354,0.78499,-0.403109,-0.677300,-1.191634,,,
1787584789612,1.57051,-2.06556,-1.13819,-0.515129,-0.187018,-1.068819,,,
1787584789612,2.61411,-1.78897,-2.48359,-0.087771,-0.040790,-0.705444,,,
1787584789612,3.80915,-1.36546,-3.04682,0.635688,-0.163910,-0.589527,,,
1787584789612,5.63842,-0.21146,-1.82562,0.410603,-0.029978,0.347182,,,
1787584789612,4.62718,-0.51482,-2.31774,-0.343364,0.057055,0.897796,,,
1787584789612,4.62718,-0.51482,-2.31774,-0.343364,0.057055,0.897796,,,
1787584789612,2.37365,-0.13525,-5.38108,-0.215681,-0.188027,0.448235,,,
1787584789612,1.93126,1.43696,-5.58833,0.559341,0.641447,0.629307,,,
1787584789612,0.95376,1.56907,-2.20604,0.847052,1.277225,1.172674,,,
1787584789612,0.14672,0.94503,-0.54239,0.938171,0.743789,1.238318,,,
1787584789612,-0.88968,1.12974,-0.14107,1.324670,-0.059969,1.157868,,,
1787584789612,-1.43766,1.69009,0.29317,1.672960,0.094102,1.151313,,,
1787584789612,-1.43766,1.69009,0.29317,1.672960,0.094102,1.151313,,,
1787584789612,-1.44743,1.64589,2.69141,1.520229,0.369701,1.269709,,,
1787584789612,-1.12239,0.98038,3.66898,1.174533,-0.260130,1.149077,,,
1787584789612,-1.75809,0.58620,2.22166,1.073909,-0.496854,0.725595,,,
1787584789612,-1.82627,1.09567,1.08971,1.009997,0.669202,0.352491,,,
1787584789612,-0.52281,1.44031,1.97931,0.839491,0.966993,0.433386,,,
1787584789612,-0.32122,0.91449,2.02241,0.588227,-0.011098,0.370757,,,
1787584789612,-0.32122,0.91449,2.02241,0.588227,-0.011098,0.370757,,,
1787584789612,-0.42015,0.78541,-0.37796,0.566950,-0.823829,0.156432,,,
1787584789612,-0.35848,1.02773,-1.98081,0.589361,-0.135023,0.470757,,,
1787584789612,-1.46252,0.00587,-0.17618,-0.172052,0.513259,0.319130,,,
1787584789612,-1.55603,0.18819,-0.04097,-1.152541,-0.038956,-0.127829,,,
1787584789612,-1.09267,1.34352,-2.98663,-0.998747,0.052046,0.130143,,,
1787584789612,-1.58910,1.41651,-2.19742,-0.135048,0.285704,0.225300,,,
1787584789612,-1.58910,1.41651,-2.19742,-0.135048,0.285704,0.225300,,,
1787584789612,-0.92395,0.49726,1.78787,-0.052288,-0.473492,0.144906,,,
1787584789612,-1.09405,0.38432,2.57560,-0.207022,-1.058715,-0.130447,,,
1787584789612,-1.22663,0.84243,2.11875,-0.361140,-0.528162,-0.384919,,,
1787584789612,-0.69799,0.84350,2.43053,-0.516790,0.213342,-0.422415,,,
1787584789612,-0.09262,-0.07307,3.16590,-0.681232,0.227835,-0.468962,,,
1787584789612,-0.13684,-0.80858,2.12664,-0.650921,-0.158258,-0.686946,,,
1787584789612,-0.13684,-0.80858,2.12664,-0.650921,-0.158258,-0.686946,,,
1787584789612,0.88099,-0.93255,-0.04166,-0.219923,-0.320520,-0.637106,,,
1787584789612,1.46371,-0.98401,-1.25691,0.238316,-0.148786,-0.137103,,,
1787584789612,1.42712,-1.53791,-2.04656,0.563831,-0.231714,0.294366,,,
1787584789612,1.09707,-1.92550,-2.27788,0.680626,0.120165,0.482878,,,
1787584789612,1.17018,-2.39984,-1.89423,0.396096,0.427644,0.410332,,,
1787584789612,1.48463,-2.23132,-1.10597,-0.280452,0.691739,0.186256,,,
1787584789612,1.48463,-2.23132,-1.10597,-0.280452,0.691739,0.186256,,,
1787584789612,1.53766,-0.70308,-1.95926,-0.741488,-0.121328,-0.085264,,,
1787584789612,1.96616,1.00341,-3.23158,-0.163450,0.032185,-0.029500,,,
1787584789612,1.99800,1.65389,-0.98282,-0.017884,0.461204,0.560284,,,
1787584789612,1.38515,0.84235,0.76352,-0.351874,0.223384,0.727201,,,
1787584789612,-0.33681,0.74523,0.97110,-0.319656,-0.168188,0.471852,,,
1787584789612,-0.75636,1.07783,1.11442,0.033194,0.303138,0.157584,,,
1787584789612,-0.75636,1.07783,1.11442,0.033194,0.303138,0.157584,,,
1787584789612,-0.15484,1.37676,2.84301,0.129778,0.426139,0.353323,,,
1787584789612,-0.18977,0.94729,3.51504,0.151605,0.132917,0.520667,,,
1787584789612,-0.14870,-0.08021,2.90928,0.148324,-0.110378,0.323131,,,
1787584789612,0.30923,0.03225,1.77877,0.172504,0.058478,0.213068,,,
1787584789612,0.65744,-0.26308,0.40702,0.051160,0.209034,0.321739,,,
1787584789612,0.61270,-0.63477,-0.75043,-0.195245,-0.158002,0.242561,,,
1787584789612,0.61270,-0.63477,-0.75043,-0.195245,-0.158002,0.242561,,,
1787584789612,0.48841,-0.33194,-3.21688,-0.211834,-0.321470,0.268925,,,
1787584789612,-0.48133,0.30222,-4.59137,-0.105769,0.644059,0.579369,,,
1787584789612,-0.83312,-0.52248,-1.75916,-0.549687,0.620895,0.396032,,,
1787584789612,-0.67141,-0.46974,-1.16955,-1.009792,-0.208256,-0.205075,,,
1787584789612,0.28236,0.53097,-2.15683,-0.741068,0.068544,-0.140086,,,
1787584789612,0.65515,0.52616,-0.76793,-0.351761,-0.175142,0.189718,,,
1787584789612,0.65515,0.52616,-0.76793,-0.351761,-0.175142,0.189718,,,
1787584789612,0.16031,-0.25074,0.12446,-0.227099,-0.684505,0.126694,,,
1787584789612,-0.38491,-0.05821,0.61116,-0.078337,-0.275494,-0.066188,,,
1787584789612,-1.32947,0.44112,1.94017,0.067513,0.133493,-0.192668,,,
1787584789612,-1.12050,0.49581,2.73536,0.313720,0.025857,-0.133790,,,
1787584789612,-1.02721,0.02113,3.69228,0.306669,0.471883,-0.063328,,,
1787584789612,-0.90604,-0.77352,4.15475,-0.400825,0.351658,-0.127432,,,
1787584789612,-0.90604,-0.77352,4.15475,-0.400825,0.351658,-0.127432,,,
1787584789612,0.37164,-1.55719,0.26150,-0.283224,-0.636481,-0.177824,,,
1787584789612,0.95528,-1.19697,-3.41005,0.849670,-0.341912,0.158486,,,
1787584789612,0.88200,-1.35788,-2.25479,1.148515,0.169101,0.673485,,,
1787584789612,0.75184,-1.84441,-0.94737,0.710620,0.062773,0.725584,,,
1787584789612,0.93160,-1.49842,-2.42262,0.901232,0.425379,0.469690,,,
1787584789612,1.37019,-0.63300,-1.37640,0.300396,-0.228389,0.469170,,,
1787584789612,1.37019,-0.63300,-1.37640,0.300396,-0.228389,0.469170,,,
1787584789612,0.29343,0.46591,-4.27264,-0.006122,-0.737750,0.234788,,,
1787584789612,0.48195,1.15376,-4.56043,0.653586,-0.175080,0.015863,,,
1787584789612,0.00502,1.28213,-1.37118,0.603258,-0.184561,-0.173737,,,
1787584789612,-0.20044,1.67365,0.19158,0.400968,-0.030587,-0.219109,,,
1787584789612,-0.39033,2.51520,2.52639,0.313792,0.566435,0.036479,,,
1787584789612,-0.49575,2.63754,4.74165,-0.148423,0.607784,0.338123,,,
1787584789612,-0.49575,2.63754,4.74165,-0.148423,0.607784,0.338123,,,
1787584789612,-0.51611,2.03730,5.30161,-0.395128,0.418420,0.470870,,,
1787584789612,-0.19888,1.51742,5.07227,-0.349914,0.188944,0.376381,,,
1787584789612,0.30470,1.05053,4.62544,-0.394523,-0.334462,0.436943,,,
1787584789612,0.23289,0.14326,3.14415,-0.522469,-0.203817,0.422782,,,
1787584789612,0.60803,-0.90806,0.77940,-0.662138,0.389036,0.314412,,,
1787584789612,0.37997,-1.78451,-0.49475,-0.938924,-0.467921,0.178802,,,
1787584789612,0.37997,-1.78451,-0.49475,-0.938924,-0.467921,0.178802,,,
1787584789612,-0.81435,-2.10709,-5.62581,-0.704170,-0.475567,-0.559327,,,
1787584789612,0.01043,-1.01452,-5.93928,-0.801240,0.390576,-0.330035,,,
1787584789612,-1.24296,-0.61589,-6.36492,-1.638122,-0.537332,-0.396068,,,
1787584789612,-1.12916,0.14901,-9.48794,-0.395526,0.293122,-0.455506,,,
1787584789612,-1.38930,1.16941,-4.46663,0.945250,0.614256,-0.141852,,,
1787584789612,-0.72414,0.77153,0.11083,1.095075,0.129580,0.146205,,,
1787584789612,-0.72414,0.77153,0.11083,1.095075,0.129580,0.146205,,,
1787584789612,-1.00525,0.66358,3.77557,0.671544,0.124997,0.106732,,,
1787584789612,-1.02213,0.73022,5.17848,0.095323,0.035684,-0.270162,,,
1787584789612,-0.35971,1.24106,4.98832,-0.113981,-0.242880,-0.593827,,,
1787584789612,0.23742,1.66473,4.26051,0.037439,-0.369127,-0.414625,,,
1787584789612,-0.08692,1.38852,3.34419,0.023907,-0.066203,-0.098979,,,
1787584789612,0.11607,-0.20806,2.75491,-0.420776,0.299288,-0.126983,,,
1787584789612,0.11607,-0.20806,2.75491,-0.420776,0.299288,-0.126983,,,
1787584789612,1.04945,-1.60325,0.28887,-0.535223,-0.041221,-0.172362,,,
1787584789612,1.89573,-2.35984,-2.44053,-0.024557,0.157188,0.077972,,,
1787584789612,1.71851,-2.64095,-3.47014,0.883963,0.643111,0.562816,,,
1787584789612,0.26654,-2.70159,-2.34950,1.131870,0.190828,0.222813,,,
1787584789612,1.57906,-1.61609,-3.43225,1.268292,-0.459248,0.018178,,,
1787584789612,1.69314,-0.19423,-4.35728,0.812660,-0.895203,0.323382,,,
1787584789612,1.69314,-0.19423,-4.35728,0.812660,-0.895203,0.323382,,,
1787584789612,-0.02833,1.73567,-4.82889,0.463693,0.257123,0.266251,,,
1787584789612,0.28160,2.51877,-2.40234,0.203462,0.983334,0.237216,,,
1787584789612,0.42775,2.79692,0.44201,-0.213592,0.162864,0.335020,,,
1787584789612,-0.00549,2.59502,1.39486,-0.180801,-0.127225,0.573422,,,
1787584789612,-0.89137,2.38365,2.40316,0.110213,-0.201419,0.566567,,,
1787584789612,-1.38182,2.11192,3.34514,0.181658,0.612303,0.382222,,,
1787584789612,-1.38182,2.11192,3.34514,0.181658,0.612303,0.382222,,,
1787584789612,-0.75624,1.62049,4.09863,-0.190653,0.989995,0.281304,,,
1787584789612,-0.15118,1.08632,3.67368,-0.281563,1.071528,0.233017,,,
1787584789612,0.04510,-0.11215,3.32801,-0.576931,0.924459,0.189933,,,
1787584789612,0.12950,-0.30137,1.88580,-0.576424,0.310610,0.218656,,,
1787584789612,-0.30407,-0.94685,-1.57199,-0.139791,0.454243,0.381087,,,
1787584789612,0.02700,-2.24137,-2.35685,0.172475,-0.032647,-0.034479,,,
1787584789612,0.02700,-2.24137,-2.35685,0.172475,-0.032647,-0.034479,,,
1787584789612,-1.05082,-0.55981,-3.43235,-0.070745,0.397755,0.245259,,,
1787584789612,-0.10591,-0.81483,-2.04511,-0.735537,-0.066027,0.366295,,,
1787584789612,-2.11145,-0.46511,-3.96974,-0.700036,-0.287220,-0.092452,,,
1787584789612,-1.69293,0.35732,-3.54149,-0.030127,0.144272,-0.857282,,,
1787584789612,0.87264,1.81745,-0.71717,0.109732,-0.151516,-0.436450,,,
1787584789612,0.84800,1.40304,0.22915,-0.001401,-0.532490,0.131293,,,
1787584789612,0.84800,1.40304,0.22915,-0.001401,-0.532490,0.131293,,,
1787584789612,0.01825,0.48194,1.39206,0.020634,-0.587671,0.259009,,,
1787584789612,-0.65711,0.26904,1.62521,0.087808,-0.464051,-0.126765,,,
1787584789612,0.27730,0.59055,2.19016,-0.019145,-0.029943,-0.216433,,,
1787584789612,0.17859,0.22917,2.26629,-0.222146,0.142635,0.032228,,,
1787584789612,-1.61204,-0.70927,0.95455,0.218413,0.412907,-0.211224,,,
1787584789612,-0.54898,-1.49864,1.91889,0.151624,-0.177387,-0.603279,,,
1787584789612,-0.54898,-1.49864,1.91889,0.151624,-0.177387,-0.603279,,,
1787584789612,1.24859,-0.71824,0.20684,0.024848,-0.010893,0.032495,,,
1787584789612,0.62557,-0.81691,-0.93060,0.242538,0.057662,0.597871,,,
1787584789612,0.14222,-1.73051,-1.16307,0.369101,-0.323245,0.394963,,,
1787584789612,0.51147,-0.56422,-2.67031,0.681254,0.162532,0.462311,,,
1787584789612,1.24530,-0.56857,-1.64060,0.659550,1.005653,0.673518,,,
1787584789612,0.74524,-1.15654,0.53780,-0.422374,-0.128761,0.485447,,,
1787584789612,0.74524,-1.15654,0.53780,-0.422374,-0.128761,0.485447,,,
1787584789612,-1.11960,0.27691,-3.58676,-0.098287,-0.244974,-0.227507,,,
1787584789612,0.19653,1.76434,-1.93039,0.471851,0.052496,-0.438214,,,
1787584789612,1.88027,1.48125,1.20832,-0.202394,-0.318156,0.153400,,,
1787584789612,0.50982,1.11745,-0.30239,-0.289374,-0.223581,0.260461,,,
1787584789612,-1.05256,1.57852,0.46761,0.101504,0.001971,-0.007360,,,
1787584789612,-0.65214,0.98996,1.71202,-0.109228,0.618667,0.070361,,,
1787584789612,-0.65214,0.98996,1.71202,-0.109228,0.618667,0.070361,,,
1787584789612,-0.22263,0.72150,2.35057,-0.013520,0.470233,0.267096,,,
1787584789612,0.02154,-0.27388,2.96058,0.063591,-0.115305,0.370406,,,
1787584789612,-0.29482,-1.01094,1.92677,0.151016,0.039247,0.227304,,,
1787584789612,-0.73271,-0.83215,0.56912,0.307044,0.005927,0.009858,,,
1787584789612,0.91157,-0.66625,-0.96734,0.411052,-0.214202,0.182929,,,
1787584789612,0.13235,-0.54337,-2.04580,0.251565,-0.367078,0.416250,,,
1787584789612,0.13235,-0.54337,-2.04580,0.251565,-0.367078,0.416250,,,
1787584789612,-1.44572,-0.33381,-2.87873,0.489350,-0.232048,0.111208,,,
1787584789612,-1.17931,-1.12412,-1.59840,0.178866,0.323319,-0.262143,,,
1787584789612,-0.71478,-0.37797,-0.92810,-0.376352,-0.247715,-0.740840,,,
1787584789612,-0.57333,1.14068,-1.77191,-1.196934,-0.154764,-0.731010,,,
1787584789612,0.08936,2.15936,-3.35639,-0.200026,0.432417,-0.300907,,,
1787584789612,-0.29950,1.37073,0.00270,0.325220,-0.421555,-0.128110,,,
1787584789612,-0.29950,1.37073,0.00270,0.325220,-0.421555,-0.128110,,,
1787584789612,-0.06936,0.58427,1.24786,0.252264,-0.493583,-0.324559,,,
1787584789612,0.80349,0.61555,2.16472,-0.167813,-0.263159,-0.196311,,,
1787584789612,0.25135,0.79280,1.92163,-0.323071,-0.431328,-0.074500,,,
1787584789612,-0.56030,0.25133,1.62531,-0.085944,-0.275821,-0.227982,,,
1787584789612,-0.34770,-0.09966,1.69596,0.164951,0.025427,-0.528275,,,
1787584789612,0.34673,-0.33986,2.40814,-0.071401,0.122379,-0.380288,,,
1787584789612,0.34673,-0.33986,2.40814,-0.071401,0.122379,-0.380288,,,
1787584789612,0.72469,-0.71010,0.74636,-0.075563,0.130000,-0.073599,,,
1787584789612,0.91381,-0.71233,-0.33187,0.333462,0.312988,0.293268,,,
1787584789612,1.17375,-1.08939,-0.42076,0.560206,0.097688,0.681152,,,
1787584789612,0.67819,-1.43696,-0.88540,0.403062,-0.418033,0.781249,,,
1787584789612,0.29740,-0.86625,-2.97739,0.102164,0.079724,0.757464,,,
1787584789612,0.13712,-0.47491,-3.81056,0.353274,0.960438,0.702079,,,
1787584789612,0.13712,-0.47491,-3.81056,0.353274,0.960438,0.702079,,,
1787584789612,1.01190,-0.51249,-1.96089,0.496126,0.253516,0.686147,,,
1787584789612,0.83477,-0.16426,-1.20984,0.358287,0.315175,0.489026,,,
1787584789612,1.09907,0.27112,0.35163,0.073647,0.044331,0.342907,,,
1787584789612,0.39101,0.58803,0.57894,-0.266382,-0.678444,0.083528,,,
1787584789612,-0.49717,1.70808,-0.13064,-0.268159,-0.428595,-0.125665,,,
1787584789612,-0.71227,2.13307,0.84503,-0.112653,0.634448,-0.021990,,,
1787584789612,-0.71227,2.13307,0.84503,-0.112653,0.634448,-0.021990,,,
1787584789612,-0.25003,1.27614,3.67168,-0.242998,0.800860,0.020305,,,
1787584789612,0.63839,0.29028,4.25905,-0.438010,0.183241,0.145775,,,
1787584789612,0.33741,-0.15939,3.03754,-0.595381,-0.132901,0.235567,,,
1787584789612,0.28069,-0.47250,1.89307,-0.583667,-0.382036,0.222572,,,
1787584789612,-0.09133,-0.20819,-1.15372,-0.245036,-0.237741,0.264658,,,
1787584789612,-0.44868,-0.29849,-2.61878,0.457684,0.224730,0.429410,,,
1787584789612,-0.44868,-0.29849,-2.61878,0.457684,0.224730,0.429410,,,
1787584798356,-1.12601,-1.06823,-1.73370,0.553745,-0.105975,0.202636,13.1287997,77.5894768,43.17
1787584798356,-0.67922,-0.88221,-2.26765,0.463629,0.035386,0.167240,,,
1787584798356,-0.80244,-1.16995,-0.59131,0.034782,0.823226,-0.095765,,,
1787584798356,-0.92085,-1.07108,0.52081,-1.426354,-0.374796,-0.719919,,,
1787584798356,-0.73153,2.00041,-4.54427,-0.993333,0.571694,-0.619101,,,
1787584798356,-0.18032,1.92249,-2.51946,0.218971,0.501590,-0.439772,,,
1787584798356,-0.18032,1.92249,-2.51946,0.218971,0.501590,-0.439772,,,
1787584798356,0.85911,0.92022,1.55055,0.196830,-0.493971,-0.109677,,,
1787584798356,0.28478,0.67310,1.41030,-0.147049,-0.659325,0.126565,,,
1787584798356,-0.63638,0.42340,1.15188,-0.495632,-0.365938,-0.062935,,,
1787584798356,-1.33742,0.80981,0.14504,-0.210984,0.098038,-0.367966,,,
1787584798356,-0.54417,0.31211,1.02542,0.405272,0.531682,-0.272844,,,
1787584798356,-0.19757,-0.42860,3.16167,0.209465,0.038182,-0.208193,,,
1787584798356,-0.19757,-0.42860,3.16167,0.209465,0.038182,-0.208193,,,
1787584798356,-0.90892,-0.92839,1.94456,0.091638,-0.126751,-0.226798,,,
1787584798356,-0.23830,-1.41052,1.48239,-0.112318,-0.283531,-0.298760,,,
1787584798356,1.21868,-0.82014,-0.95898,-0.093499,-0.461973,0.190768,,,
1787584798356,0.33511,-0.24679,-2.78911,0.795489,-0.351701,0.711345,,,
1787584798356,-1.25837,-1.64457,-1.37465,0.900012,0.239806,0.296074,,,
1787584798356,0.71123,-1.30110,-1.41353,0.955025,0.157355,-0.014030,,,
1787584798356,0.71123,-1.30110,-1.41353,0.955025,0.157355,-0.014030,,,
1787584798356,0.75372,-0.20063,-0.44903,-0.190089,-0.063565,0.359302,,,
1787584798356,-0.48494,0.02143,-3.10076,-0.400426,0.277004,0.144785,,,
1787584798356,-0.04830,0.84634,-1.76288,0.273825,0.543375,-0.294236,,,
1787584798356,1.70892,0.96898,0.52690,0.136904,-0.512151,-0.126440,,,
1787584798356,1.07107,1.39879,-0.02774,-0.174811,-1.033252,0.174168,,,
1787584798356,-0.36057,1.28256,-0.51238,-0.164030,-0.181962,0.163802,,,
1787584798356,-0.36057,1.28256,-0.51238,-0.164030,-0.181962,0.163802,,,
1787584798356,-0.85483,0.84115,1.42237,0.036972,0.508316,-0.155527,,,
1787584798356,0.16726,0.45404,3.09798,0.031658,0.285088,-0.133334,,,
1787584798356,0.57255,-0.00170,3.65223,-0.131670,-0.198336,0.099830,,,
1787584798356,0.32745,-0.41116,2.41839,-0.145254,-0.418479,0.195170,,,
1787584798356,-0.01426,-0.26155,0.10810,0.188910,-0.535508,0.097646,,,
1787584798356,0.05001,-0.26139,-0.73842,0.529394,0.079398,0.030848,,,
1787584798835,0.05001,-0.26139,-0.73842,0.529394,0.079398,0.030848,13.1287985,77.5894775,43.33
1787584798835,0.14840,-0.76862,-0.33108,0.151991,-0.374842,0.029276,,,
1787584798835,-0.45115,-0.58947,-1.79581,-0.099330,-0.443322,-0.027512,,,
1787584798835,-0.98785,-0.49136,-3.26998,-0.143470,0.505897,-0.047524,,,
1787584798835,-0.86961,-0.71015,-1.91935,-0.435373,0.329002,-0.202263,,,
1787584798835,-1.13705,0.53687,-1.70945,-0.863662,-0.078336,-0.374245,,,
1787584798835,-0.65500,1.26077,-2.73087,-0.354109,0.325365,-0.123131,,,
1787584798835,-0.65500,1.26077,-2.73087,-0.354109,0.325365,-0.123131,,,
1787584798835,-0.44960,1.09897,-0.32726,0.215289,-0.110996,0.033123,,,
1787584798835,-0.40765,0.54256,0.88469,0.224849,-0.775392,-0.014706,,,
1787584798835,-1.03519,0.49926,1.02683,-0.001913,-0.709311,-0.395546,,,
1787584798835,-0.86146,0.96416,1.16123,-0.212963,-0.237211,-0.629130,,,
1787584798835,-0.72068,0.93077,1.86254,-0.229238,0.100983,-0.602574,,,
1787584798835,-0.74866,0.28221,2.72793,-0.237733,0.131260,-0.660064,,,
1787584798835,-0.74866,0.28221,2.72793,-0.237733,0.131260,-0.660064,,,
1787584798835,-0.41520,-0.53100,2.62280,-0.310130,0.055496,-0.834643,,,
1787584798835,0.60441,-0.86913,1.78952,-0.342417,0.171243,-0.628000,,,
1787584798835,0.92543,-1.22854,-0.15976,-0.036591,-0.025939,-0.052468,,,
1787584798835,0.39812,-1.85581,-1.55344,0.516014,-0.108218,0.120914,,,
1787584798835,0.59599,-1.88149,-1.90867,0.697455,0.001846,0.113667,,,
1787584798835,0.92468,-1.35248,-2.60058,0.602673,0.436787,0.311379,,,
1787584798835,0.92468,-1.35248,-2.60058,0.602673,0.436787,0.311379,,,
1787584798835,1.21904,-1.18700,-1.92605,0.474267,0.423690,0.374077,,,
1787584798835,0.66522,-0.32311,-1.59224,-0.133367,-0.722486,0.132579,,,
1787584798835,0.54989,1.80176,-3.86934,0.421246,0.110397,0.213249,,,
1787584798835,0.42169,1.50347,0.45242,0.464655,0.554767,0.337890,,,
1787584798835,0.16955,0.74627,1.50416,-0.259643,-0.170110,0.085954,,,
1787584800207,-0.11260,1.26435,0.28412,-0.320174,-0.249193,-0.015306,13.1287978,77.5894765,92.13
1787584800220,-0.11260,1.26435,0.28412,-0.320174,-0.249193,-0.015306,13.1287978,77.5894765,92.13
1787584800220,-0.27704,1.78643,0.25303,0.165039,0.322861,0.097327,,,
1787584800220,-0.12000,1.26536,2.19793,0.290259,0.518930,0.281079,,,
1787584800220,-0.20656,0.52696,3.54019,0.038505,0.125473,0.292232,,,
1787584800220,-0.06248,-0.18957,2.98032,-0.158943,0.092323,0.041475,,,
1787584800220,0.09408,-0.37631,1.57333,-0.132757,0.372655,0.055565,,,
1787584800220,-0.16401,-0.51867,0.59403,0.217231,0.243619,0.142656,,,
1787584800220,-0.16401,-0.51867,0.59403,0.217231,0.243619,0.142656,,,
1787584800220,0.03050,-1.13237,-0.42727,0.524421,-0.280144,-0.013885,,,
1787584800220,0.13025,-1.06928,-1.36646,0.377530,-0.571982,-0.110330,,,
1787584800220,-0.38686,-0.57984,-3.30893,0.294920,0.225714,-0.074114,,,
1787584800220,-0.52886,-0.79884,-2.19798,0.173085,0.499713,-0.103733,,,
1787584800220,-0.66062,-0.33344,-0.84445,-0.464183,-0.450348,-0.372191,,,
1787584800220,-1.28996,1.18901,-3.07841,-0.374331,0.271647,-0.299458,,,
1787584800220,-1.28996,1.18901,-3.07841,-0.374331,0.271647,-0.299458,,,
1787584800220,-1.04000,1.56228,-1.26534,0.259041,0.754455,-0.294032,,,
1787584800220,-0.29185,1.12353,1.41010,0.049239,0.047316,-0.103403,,,
1787584800220,-0.18555,0.99132,1.09898,-0.226666,-0.021652,0.106228,,,
1787584800220,-0.92843,1.10888,0.77040,-0.173347,0.411986,-0.063221,,,
1787584800220,-1.37631,0.64271,1.42300,0.131212,0.120296,-0.444469,,,
1787584800220,-0.72558,0.05804,1.45299,0.393293,0.571147,-0.670131,,,
1787584800220,-0.72558,0.05804,1.45299,0.393293,0.571147,-0.670131,,,
1787584800220,-1.02142,0.09012,2.26223,0.234097,0.392745,-0.460957,,,
1787584800220,-0.05382,-0.71174,1.14869,-0.078959,0.095624,-0.339242,,,
1787584800220,0.11032,-0.96401,-0.58602,0.224601,0.066887,-0.082289,,,
1787584800220,0.51933,-0.68725,-1.30239,0.773972,0.035423,0.323893,,,
1787584800220,0.58232,-1.49740,0.36696,1.031980,-0.101933,0.432848,,,
1787584800220,-0.54083,-0.96117,0.52907,0.128838,-0.805246,0.329846,,,
1787584800220,-0.54083,-0.96117,0.52907,0.128838,-0.805246,0.329846,,,
1787584800220,0.91615,-1.10756,-1.48040,-0.485220,0.236894,0.345164,,,
1787584800220,0.82364,-1.21382,-1.21022,-0.594543,-0.144566,0.218193,,,
1787584800220,0.96305,0.33524,-2.40744,-0.442029,-0.869043,0.056406,,,
1787584800220,1.45118,1.51014,-2.73162,0.169841,0.394358,0.246284,,,
1787584800220,1.24487,0.72238,0.62733,-0.080142,0.251204,0.409375,,,
1787584800220,0.28965,0.67212,0.80055,-0.486604,-0.398565,0.252948,,,
1787584800220,0.28965,0.67212,0.80055,-0.486604,-0.398565,0.252948,,,
1787584800220,-0.22153,1.16530,-0.53247,-0.190768,0.125865,-0.009992,,,
1787584800220,0.16225,1.50931,0.76724,0.099652,0.716948,0.201281,,,
1787584800220,-0.22747,0.95419,2.64694,-0.166968,0.639529,0.427978,,,
1787584800220,0.04325,0.01629,2.98777,-0.284347,0.505481,0.559973,,,
1787584800220,-0.54834,-0.47229,1.90760,-0.149059,-0.317551,0.405092,,,
1787584800220,-0.51563,-0.59148,0.74528,0.231049,-0.174186,0.280973,,,
1787584800220,-0.51563,-0.59148,0.74528,0.231049,-0.174186,0.280973,,,
1787584800220,-0.49422,-0.80927,0.53863,0.392648,-0.791852,0.097596,,,
1787584800220,-0.13191,-0.69062,-0.67633,0.001690,-1.180456,0.161013,,,
1787584800220,-1.33871,-0.27442,-3.23450,-0.223785,0.326490,0.244868,,,
1787584800220,-2.25809,-0.78538,-2.13043,-0.197091,0.638972,-0.296897,,,
1787584800220,-1.50277,-0.43845,-0.86097,-0.441801,-0.211592,-0.816558,,,
1787584800220,-0.24474,0.83337,-1.57595,-0.714895,-0.010294,-0.700285,,,
1787584800220,-0.24474,0.83337,-1.57595,-0.714895,-0.010294,-0.700285,,,
1787584800220,0.04189,1.21164,-1.33933,-0.360404,0.326340,-0.420024,,,
1787584800220,-0.01367,0.64115,-0.17506,-0.053497,-0.307343,-0.352518,,,
1787584800220,0.23222,0.36268,0.05900,0.045080,-0.434908,-0.425643,,,
1787584800220,-0.12141,0.50190,0.23969,-0.385739,-0.093813,-0.354180,,,
1787584800220,-0.59860,0.50953,0.02557,-0.169082,-0.021590,-0.247467,,,
1787584800220,-1.13509,-0.10449,0.72896,0.378370,-0.141653,-0.455568,,,
1787584800220,-1.13509,-0.10449,0.72896,0.378370,-0.141653,-0.455568,,,
1787584800220,-0.09499,-0.27706,2.81513,0.302590,-0.099920,-0.395853,,,
1787584800220,0.28582,-0.74274,2.71958,-0.026944,-0.172467,-0.156405,,,
1787584800220,-0.00745,-0.80487,0.45446,0.154705,-0.079841,-0.025969,,,
1787584800220,0.02542,-0.61891,-0.66874,0.461396,0.167902,0.165678,,,
1787584800220,0.64596,-0.90123,0.33120,0.358597,-0.395131,0.377216,,,
1787584800220,-0.09886,-0.55348,-1.54411,0.103255,-0.392054,0.417668,,,
1787584800220,-0.09886,-0.55348,-1.54411,0.103255,-0.392054,0.417668,,,
1787584800220,-0.35139,-1.02767,-2.79149,0.388828,0.283991,0.154542,,,
1787584800220,0.01975,-0.52312,-1.70594,0.013433,0.133053,-0.155763,,,
1787584800220,0.74670,0.70998,-2.47675,-0.316052,0.487243,-0.109509,,,
1787584800220,0.18556,0.83815,-1.25748,-0.335836,1.137106,-0.350248,,,
1787584800220,0.57906,0.36609,1.86033,-0.749570,-0.207136,-0.795671,,,
1787584800220,0.69822,0.78580,1.08827,-1.222932,-0.895891,-0.757622,,,
1787584800220,0.69822,0.78580,1.08827,-1.222932,-0.895891,-0.757622,,,
1787584800220,-1.01827,1.44564,-0.96647,-0.683634,0.940027,-0.831427,,,
1787584800220,-0.99630,1.13928,1.13964,0.032152,0.776142,-1.007684,,,
1787584800220,-1.28726,0.90701,3.18313,0.014283,0.647953,-1.304180,,,
1787584800220,-1.35900,1.61574,3.70264,-1.057878,1.253782,-0.690137,,,
1787584800220,-0.85548,-0.85720,3.23300,-1.791441,1.003439,-0.606417,,,
1787584800220,3.21379,-1.95267,0.92947,-1.347755,-0.073431,0.019053,,,
1787584800220,3.21379,-1.95267,0.92947,-1.347755,-0.073431,0.019053,,,
1787584800220,0.43424,-0.51132,-1.44830,0.526217,-0.604030,0.652113,,,
1787584800220,-0.71345,-0.26067,-1.77762,1.148630,-1.104225,0.100669,,,
1787584800220,0.67412,-0.09993,-2.76237,0.829163,-0.827173,-0.069419,,,
1787584800220,0.32073,-0.03435,-2.76441,0.073299,0.589252,0.390066,,,
1787584800220,-0.51800,-0.40346,-2.24750,-0.354049,0.215771,0.355410,,,
1787584800220,-0.23596,-0.10658,-2.88652,-0.174000,-0.631898,0.008897,,,
1787584800220,-0.23596,-0.10658,-2.88652,-0.174000,-0.631898,0.008897,,,
1787584800220,-0.57382,1.25354,-2.60893,0.190538,0.704590,0.483205,,,
1787584800220,-1.24766,0.56436,-0.25252,0.296250,1.207019,0.301332,,,
1787584800220,-0.75151,0.01558,0.58608,0.352718,-0.005924,-0.001388,,,
1787584800220,-0.75046,0.64197,1.30701,0.421954,-0.301802,-0.201745,,,
1787584800220,-1.11249,0.77366,2.31764,0.290254,-0.212241,-0.291551,,,
1787584800220,-0.07961,0.01253,3.16933,0.031211,-1.305686,-0.343075,,,
1787584800220,-0.07961,0.01253,3.16933,0.031211,-1.305686,-0.343075,,,
1787584800220,-0.51542,0.36987,1.19855,-0.467193,-1.387070,-0.447866,,,
1787584800220,0.13063,-0.53486,0.66693,-0.684827,-0.375825,-0.564921,,,
1787584800220,-0.21663,-0.71788,0.24988,-0.484421,0.077669,-0.522316,,,
1787584800220,0.78952,-0.71839,-0.41801,0.139502,-0.283865,-0.054605,,,
1787584800220,0.48953,-0.30045,-0.47296,0.585276,0.320087,0.458758,,,
1787584800220,0.79521,-0.95093,-0.83600,0.870692,0.293952,0.816150,,,
1787584800220,0.79521,-0.95093,-0.83600,0.870692,0.293952,0.816150,,,
1787584800220,1.28988,-1.42216,-1.42951,0.943312,0.275404,0.861144,,,
1787584800220,0.51737,-1.16052,-1.29816,0.455582,0.031905,0.454174,,,
1787584800220,0.67143,0.83121,-2.58482,-0.089708,-0.459870,0.225001,,,
1787584800220,1.18739,1.72319,-2.19821,-0.194426,0.630462,0.713487,,,
1787584800220,0.55095,1.16829,0.53240,-0.320197,0.896715,0.619231,,,
1787584800220,1.04493,0.09871,1.03657,-0.241818,-0.521749,0.129257,,,
1787584800220,1.04493,0.09871,1.03657,-0.241818,-0.521749,0.129257,,,
1787584800220,-0.13264,0.99946,0.77274,-0.177867,-1.159364,-0.270887,,,
1787584800220,-0.79313,1.41051,0.71805,-0.030903,0.069094,-0.414872,,,
1787584800220,-0.77957,1.38285,2.45948,-0.367950,0.678675,0.051021,,,
1787584800220,-0.42215,0.19525,3.54439,-0.809069,0.490345,0.533963,,,
1787584800220,-0.03348,-1.09754,2.47835,-0.802649,-0.118118,0.525225,,,
1787584800220,0.25315,-1.02862,0.72910,-0.415149,-0.802282,0.276538,,,
1787584800220,0.25315,-1.02862,0.72910,-0.415149,-0.802282,0.276538,,,
1787584800220,0.33295,-0.55301,-0.90388,0.365725,-0.444465,0.271269,,,
1787584800220,0.08552,-0.53036,-0.95435,0.779791,-0.286481,0.172433,,,
1787584800220,0.10800,-0.78956,-1.85234,0.593705,-1.107535,-0.089243,,,
1787584800220,-0.21458,0.12046,-3.01718,0.605554,-0.020600,0.176330,,,
1787584800220,-0.92742,-0.11321,-1.21227,0.056995,0.436131,0.187296,,,
1787584800220,-0.71985,-0.45538,-0.89716,-0.472155,-0.359786,-0.228558,,,
1787584800220,-0.71985,-0.45538,-0.89716,-0.472155,-0.359786,-0.228558,,,
1787584800220,-0.77022,0.78851,-1.77015,-0.370882,-0.380063,-0.374838,,,
1787584800220,-0.71462,1.56654,-0.79796,-0.060131,0.002390,-0.127302,,,
1787584800220,-0.16313,0.85997,0.02538,-0.034490,-0.449646,0.067589,,,
1787584800220,-0.68165,0.39623,-0.00083,-0.232240,-0.419834,-0.125179,,,
1787584800220,-0.80055,0.66118,0.63979,-0.378526,-0.116168,-0.343621,,,
1787584800220,-0.43695,0.48973,1.53737,-0.344795,0.050113,-0.304769,,,
1787584800220,-0.43695,0.48973,1.53737,-0.344795,0.050113,-0.304769,,,
1787584800220,-0.46035,-0.31519,2.60676,-0.283753,0.592295,-0.127792,,,
1787584800220,-0.99409,-0.90044,2.65454,-0.408210,0.212507,-0.324940,,,
1787584800220,-0.08624,-1.36082,1.11320,-0.295423,-0.386422,-0.660409,,,
1787584800220,0.10221,-0.55819,-0.08133,0.065984,-0.326111,-0.572332,,,
1787584800220,0.20911,0.01421,-1.30044,0.325405,-0.177259,0.005232,,,
1787584800220,0.41933,-0.37508,-1.33858,0.391705,0.335466,0.430726,,,
1787584800220,0.41933,-0.37508,-1.33858,0.391705,0.335466,0.430726,,,
1787584800220,0.18283,-0.95309,-1.68692,0.279394,-0.051561,0.467528,,,
1787584800220,0.33527,-0.56976,-2.36239,0.531082,0.035765,0.505623,,,
1787584800220,0.00900,-0.49834,-1.45635,0.438575,0.645931,0.439146,,,
1787584800220,0.62139,-0.26253,-1.09185,0.042791,0.069702,0.158743,,,
1787584800220,1.30379,0.79825,-0.69622,0.259543,0.072731,-0.045809,,,
1787584800220,1.32277,0.95875,0.46648,0.118326,-0.086626,-0.093326,,,
1787584800220,1.32277,0.95875,0.46648,0.118326,-0.086626,-0.093326,,,
1787584800220,0.87398,0.74011,0.90212,-0.425974,-0.312775,-0.099922,,,
1787584800220,0.16479,1.01619,0.81768,-0.784839,-0.357307,-0.231351,,,
1787584800220,-0.41845,1.48676,0.34975,-0.519668,-0.040744,-0.071619,,,
1787584800220,-0.12473,1.27103,1.28070,-0.057902,0.947343,0.321119,,,
1787584800220,0.19808,0.01394,2.74107,0.001656,1.115438,0.638795,,,
1787584800220,0.42312,-0.87239,2.29689,0.016355,0.203353,0.778616,,,
1787584800220,0.42312,-0.87239,2.29689,0.016355,0.203353,0.778616,,,
1787584800220,-0.57921,-0.77745,0.74682,0.518352,0.426180,0.492960,,,
1787584800220,-0.48753,-0.48156,0.48488,0.512537,0.644950,0.236132,,,
1787584800220,0.04598,-0.73161,-0.23103,0.301575,0.154350,0.464797,,,
1787584800220,-0.20174,-1.34416,-1.11545,0.416725,-0.751668,0.214765,,,
1787584800220,-1.64671,-1.33957,-2.53633,0.268588,-0.622606,-0.405235,,,
1787584800220,-1.03979,0.00856,-1.89531,0.024130,0.145134,-0.361365,,,
1787584800220,-1.03979,0.00856,-1.89531,0.024130,0.145134,-0.361365,,,
1787584800220,-0.81173,-0.08430,-0.66362,-0.681900,-0.544173,-0.261815,,,
1787584800220,-1.26644,0.61758,-1.93494,-0.702092,-1.161251,-0.607855,,,
1787584800220,-0.97507,1.56304,-1.21740,-0.179444,0.256196,-0.383995,,,
1787584800220,-0.64086,1.18056,0.15816,0.061386,0.502026,-0.152319,,,
1787584800220,0.09578,-0.19892,0.77275,-0.075822,-0.441406,-0.442274,,,
1787584800220,-0.25968,0.19708,0.59765,-0.205627,-0.387551,-0.860778,,,
1787584800220,-0.25968,0.19708,0.59765,-0.205627,-0.387551,-0.860778,,,
1787584800220,-0.25005,1.20229,0.94317,-0.179471,-0.014031,-0.664335,,,
1787584800220,-0.19262,0.52611,2.08034,-0.038714,0.128150,-0.512639,,,
1787584800220,-0.79069,-0.40053,2.74585,-0.377125,0.026727,-0.637426,,,
1787584800220,-0.27384,-0.64481,2.15327,-0.678937,-0.100706,-0.638545,,,
1787584800220,0.96471,-0.28022,0.54759,-0.562879,-0.474343,-0.256065,,,
1787584800220,0.93841,-0.63373,-1.24980,-0.008957,-0.485357,0.253088,,,
1787584800220,0.93841,-0.63373,-1.24980,-0.008957,-0.485357,0.253088,,,
1787584800220,0.32803,-0.92785,-2.08782,0.640203,0.186932,0.415252,,,
1787584800220,0.59078,-0.79783,-1.46802,0.820692,0.138341,0.437682,,,
1787584800220,1.19340,-0.81483,-1.46664,0.579746,-0.029200,0.593552,,,
1787584800220,0.94557,-0.64285,-1.50604,0.137690,0.176109,0.557873,,,
1787584800220,0.62709,-0.18342,-1.84633,-0.529361,-0.208819,0.231155,,,
1787584800220,1.11634,0.98524,-2.20743,-0.453303,0.489545,0.357584,,,
1787584800220,1.11634,0.98524,-2.20743,-0.453303,0.489545,0.357584,,,
1787584800220,1.10601,1.19223,-0.15603,-0.113707,0.701797,0.670571,,,
1787584805539,1.24918,0.12932,0.33321,-0.016616,-0.482378,0.532971,13.1287942,77.5893998,322.24
1787584805539,-0.22175,0.64203,-0.18255,0.211430,-0.903983,0.219803,,,
1787584805539,-0.71576,1.07829,0.45003,0.375672,-0.036124,0.117389,,,
1787584805539,-0.19975,0.87589,2.51291,0.034825,0.933380,0.375170,,,
1787584805539,0.19055,0.12651,3.23597,-0.418761,0.606953,0.629352,,,
1787584805539,0.19055,0.12651,3.23597,-0.418761,0.606953,0.629352,,,
1787584805539,0.23594,-1.09324,1.73850,-0.375418,0.380882,0.570141,,,
1787584805539,0.29677,-1.25187,0.62223,0.120947,0.461420,0.156222,,,
1787584805539,0.77132,-0.29728,0.77639,0.572833,0.381409,0.223138,,,
1787584805539,0.57439,-0.56659,0.39016,0.517234,-0.244950,0.345140,,,
1787584805539,-1.11165,-0.67745,-1.83083,0.268555,-0.318853,0.281012,,,
1787584805539,-1.54812,-0.43287,-3.29494,0.379954,0.409624,0.111969,,,
1787584805539,-1.54812,-0.43287,-3.29494,0.379954,0.409624,0.111969,,,
1787584805539,-1.30106,-0.40124,-1.14074,0.084677,0.036051,0.020955,,,
1787584805539,-1.49733,-0.34842,-1.32139,-0.540132,-0.747855,-0.402444,,,
1787584805539,-1.07478,1.57151,-3.54396,-0.226135,0.260163,-0.275482,,,
1787584805539,-0.48926,1.12769,-0.45999,0.104310,-0.106071,-0.128366,,,
1787584805539,-0.69264,0.64277,0.43373,-0.024239,-1.075171,-0.153695,,,
1787584805539,-0.66190,0.16892,0.13131,-0.186998,-0.503853,-0.516022,,,
1787584805539,-0.66190,0.16892,0.13131,-0.186998,-0.503853,-0.516022,,,
1787584805539,-0.13787,1.18206,1.12593,-0.403404,-0.306330,-0.868239,,,
1787584805539,0.43144,1.52328,1.06084,-0.187231,-0.309818,-0.665928,,,
1787584805539,0.33602,0.85979,1.77516,0.143847,0.521813,-0.402939,,,
1787584805539,0.25012,-0.11416,2.49514,0.060991,0.281430,-0.425504,,,
1787584805539,0.60510,-0.97285,2.22696,-0.185321,-0.080191,-0.508902,,,
1787584805539,0.90699,-0.99082,1.04841,-0.144159,-0.212646,-0.243449,,,
1787584805539,0.90699,-0.99082,1.04841,-0.144159,-0.212646,-0.243449,,,
1787584805539,0.75811,-0.94109,-0.76663,0.164881,-0.165787,0.202359,,,
1787584805539,0.35922,-1.24626,-1.44456,0.534147,0.262678,0.487100,,,
1787584805539,0.40895,-1.40756,-1.58175,0.610473,0.014133,0.416466,,,
1787584805539,0.90806,-1.23640,-1.83066,0.576180,0.183492,0.421661,,,
1787584805539,0.66645,-0.56768,-1.35294,0.135912,0.106241,0.336467,,,
1787584805539,0.22054,0.43900,-2.11614,-0.250773,-0.246826,0.090286,,,
1787584805539,0.22054,0.43900,-2.11614,-0.250773,-0.246826,0.090286,,,
1787584805539,0.99680,1.94019,-1.74643,0.094510,0.629232,0.398836,,,
1787584805539,1.15089,1.71575,0.03702,0.229849,0.542594,0.524052,,,
1787584805539,0.60891,0.49744,1.10519,-0.141014,-0.313418,0.243109,,,
1787584805539,-0.46509,1.05952,0.08501,-0.012734,-0.215605,-0.086480,,,
1787584805539,-0.35913,1.15326,1.74644,0.084456,0.368020,-0.058913,,,
1787584805539,0.57561,0.40786,3.25997,-0.172293,-0.135682,0.156664,,,
1787584805539,0.57561,0.40786,3.25997,-0.172293,-0.135682,0.156664,,,
1787584805539,-0.41762,-0.16219,2.55267,-0.488097,-0.394689,0.028026,,,
1787584805539,-0.40944,-0.43421,1.71573,-0.671803,0.057981,0.004011,,,
1787584805539,0.43426,-0.83755,0.68110,-0.611227,0.017914,0.177324,,,
1787584805539,-0.02366,-0.96086,-0.33923,-0.000807,-0.223405,0.164328,,,
1787584805539,-0.27037,-1.23661,-1.18478,0.607615,-0.276457,-0.079005,,,
1787584805539,-0.73268,-1.12539,-2.04074,0.599134,-0.513680,-0.428370,,,
1787584805539,-0.73268,-1.12539,-2.04074,0.599134,-0.513680,-0.428370,,,
1787584805539,-0.71562,0.00884,-2.99083,0.280962,0.262740,-0.204859,,,
1787584805539,-0.53095,0.19597,-1.86168,-0.071969,0.716537,0.438648,,,
1787584805539,-0.64040,-0.88723,-1.03118,-0.394312,-0.163435,0.083063,,,
1787584805539,-0.95144,0.17840,-1.42806,-0.340943,-0.917857,-0.611024,,,
1787584805539,-0.73370,1.91060,-0.40246,0.087440,-0.185867,-0.446498,,,
1787584805539,-0.09893,1.63234,0.51793,0.327792,-0.007080,-0.009276,,,
1787584805539,-0.09893,1.63234,0.51793,0.327792,-0.007080,-0.009276,,,
1787584805539,-0.16657,0.11599,1.06339,0.071654,-0.271374,-0.190086,,,
1787584805539,-0.82013,0.34508,1.08377,-0.352566,-0.228816,-0.818179,,,
1787584805539,0.00797,0.95892,0.83172,-0.406129,-0.032750,-0.827174,,,
1787584805539,-0.15859,0.80995,1.64985,-0.235144,0.643555,-0.410024,,,
1787584805539,-0.41945,-0.58524,2.55218,-0.334328,0.435158,-0.377285,,,
1787584805539,0.06652,-1.11939,1.78615,-0.356847,-0.189759,-0.529467,,,
1787584805539,0.06652,-1.11939,1.78615,-0.356847,-0.189759,-0.529467,,,
1787584805539,0.18860,-0.88452,-0.35042,0.083215,-0.134260,-0.355537,,,
1787584805539,-0.01440,-0.82892,-1.24146,0.543277,-0.063570,-0.108239,,,
1787584805539,0.05599,-0.81311,-1.87504,0.886047,0.137494,0.204497,,,
1787584805539,-0.16611,-0.61116,-1.87181,0.963371,0.230273,0.422745,,,
1787584805539,0.46140,-1.29265,-1.75576,0.764111,0.464441,0.475596,,,
1787584805539,0.60004,-1.33582,-1.58740,0.313148,0.367651,0.257869,,,
1787584805539,0.60004,-1.33582,-1.58740,0.313148,0.367651,0.257869,,,
1787584805539,0.08259,0.26086,-1.67192,-0.337408,-0.559062,-0.195337,,,
1787584805539,0.52651,1.58715,-1.93674,-0.260561,-0.082923,0.101727,,,
1787584805539,0.22774,2.18442,-0.05436,0.085344,0.810505,0.390594,,,
1787584805539,0.40349,1.08705,0.97400,0.089950,0.202335,0.330156,,,
1787584805539,-0.38401,1.25214,1.71897,0.032515,-0.539833,-0.022578,,,
1787584805539,-0.52149,1.46113,1.96202,0.058380,-0.203854,-0.078474,,,
1787584805539,-0.52149,1.46113,1.96202,0.058380,-0.203854,-0.078474,,,
1787584805539,-0.16569,0.97456,2.98582,-0.144384,0.300612,0.174000,,,
1787584805539,0.03398,-0.09614,3.02627,-0.574388,-0.042212,0.243433,,,
1787584805539,-0.03624,-1.09652,1.46025,-0.713622,-0.249199,0.107476,,,
1787584805539,0.02898,-0.95266,0.23705,-0.256292,0.144773,-0.080888,,,
1787584805539,0.75473,-0.73920,-0.20829,0.303326,0.263843,0.079645,,,
1787584805539,0.96051,-1.07059,-0.51523,0.717667,0.170682,0.317387,,,
1787584805539,0.96051,-1.07059,-0.51523,0.717667,0.170682,0.317387,,,
1787584805539,-0.19439,-1.76773,-1.13283,0.583061,-0.588649,0.008331,,,
1787584805539,-0.42321,-1.51103,-2.59636,0.200252,-0.519229,-0.275680,,,
1787584805539,-0.57386,-0.40670,-2.21434,0.004371,0.483593,-0.068127,,,
1787584805539,-0.88652,-0.77769,-1.67339,0.001165,-0.219534,-0.461116,,,
1787584805539,-1.46169,1.26648,-1.41109,0.045195,-0.662154,-0.798533,,,
1787584805539,-0.99575,1.95339,-0.09192,-0.173358,0.268312,-0.206599,,,
1787584805539,-0.99575,1.95339,-0.09192,-0.173358,0.268312,-0.206599,,,
1787584805539,-0.54227,1.53495,1.36297,-0.454972,0.421250,0.192092,,,
1787584805539,-0.14976,-0.05343,0.64450,-0.669903,-0.423619,0.049867,,,
1787584805539,-0.95209,0.65048,-0.13979,-0.549365,-0.890730,-0.685035,,,
1787584805539,-0.54408,1.25862,-0.18619,-0.122411,-0.406546,-0.613340,,,
1787584805539,-0.29791,0.75361,1.70479,0.140660,0.635533,-0.092582,,,
1787584805539,-0.38458,-0.31966,2.76620,-0.110991,0.447616,-0.001784,,,
1787584805539,-0.38458,-0.31966,2.76620,-0.110991,0.447616,-0.001784,,,
1787584805539,-0.00839,-1.44008,2.08960,-0.320352,-0.090094,-0.151021,,,
1787584805539,0.16196,-1.64872,0.83433,-0.183804,-0.259008,-0.222978,,,
1787584805539,0.23226,-1.12189,-1.20306,0.199672,-0.471510,-0.026155,,,
1787584805539,0.05876,-0.94139,-1.85511,0.663964,0.164468,0.225739,,,
1787584805539,0.20662,-0.81381,-1.34572,0.779894,-0.082781,0.270370,,,
1787584805539,0.56772,-0.90661,-1.51708,0.630038,-0.212317,0.302723,,,
1787584805539,0.56772,-0.90661,-1.51708,0.630038,-0.212317,0.302723,,,
1787584805539,0.39544,-0.42374,-1.69391,0.184507,0.007659,0.190581,,,
1787584805539,0.38707,0.34341,-1.90363,-0.364835,-0.188560,0.177838,,,
1787584805539,0.61706,1.11435,-1.56550,-0.387438,0.499029,0.334237,,,
1787584805539,0.01678,0.95102,-0.16767,-0.406163,0.734468,0.125556,,,
1787584805539,0.42459,0.59370,0.18092,-0.454087,-0.372690,-0.146801,,,
1787584805539,-0.41683,1.23041,-0.23116,-0.175521,-0.361928,-0.302079,,,
1787584805539,-0.41683,1.23041,-0.23116,-0.175521,-0.361928,-0.302079,,,
1787584805539,-0.20533,1.50927,1.04984,0.023170,0.590595,-0.089860,,,
1787584805539,0.32667,1.01856,2.67968,-0.215019,0.838820,0.277418,,,
1787584805539,0.50299,-0.02022,3.42675,-0.576782,0.243401,0.427344,,,
1787584805539,0.69203,-0.80758,2.48846,-0.587405,0.182888,0.366959,,,
1787584805539,0.76360,-0.87500,0.66712,-0.183156,-0.045105,0.167564,,,
1787584805539,0.41133,-0.64118,-0.10321,0.459635,0.374427,0.293157,,,
1787584805539,0.41133,-0.64118,-0.10321,0.459635,0.374427,0.293157,,,
1787584805539,0.42587,-1.29930,-0.58843,0.699922,0.301155,0.337581,,,
1787584805539,-0.52981,-1.32816,-1.51898,0.269699,-0.426374,-0.072901,,,
1787584805539,-0.55106,-0.35225,-3.70095,0.057094,-0.000824,-0.021893,,,
1787584805539,-0.86710,0.21521,-3.07593,-0.033116,0.780290,0.260096,,,
1787584805539,-1.28889,0.00856,-1.24802,-0.560111,-0.078432,0.058223,,,
1787584805539,-1.68547,0.94168,-1.86421,-0.410306,-0.145965,0.074555,,,
1787584805539,-1.68547,0.94168,-1.86421,-0.410306,-0.145965,0.074555,,,
1787584805539,-1.51276,1.50494,-0.09855,0.184153,0.788021,0.183218,,,
1787584805539,-0.67233,0.35032,0.97554,0.280427,0.467809,0.145543,,,
1787584805539,-1.07938,-0.32003,1.32544,-0.225018,-0.097739,-0.477961,,,
1787584805539,-0.86075,0.30697,0.88125,-0.256485,-0.266394,-1.082587,,,
1787584805539,-0.64640,0.80845,1.22603,-0.109806,-0.216012,-1.020375,,,
1787584805539,-1.39830,0.63454,2.48601,-0.313090,0.516335,-0.736166,,,
1787584805539,-1.39830,0.63454,2.48601,-0.313090,0.516335,-0.736166,,,
1787584805539,-1.07473,-0.35201,2.96903,-0.813297,0.877332,-0.819010,,,
1787584805539,-0.26987,-0.93320,2.15026,-1.062225,0.597875,-1.058907,,,
1787584805539,0.64037,-1.23174,0.27607,-0.890316,0.517684,-1.165585,,,
1787584805539,0.51212,-1.06692,-0.80627,-0.469912,-0.051307,-1.104706,,,
1787584805539,0.98391,-0.82299,-1.83836,0.043082,-0.289096,-0.636197,,,
1787584805539,1.35770,0.40492,-2.36911,0.328524,0.080798,0.089386,,,
1787584805539,1.35770,0.40492,-2.36911,0.328524,0.080798,0.089386,,,
1787584805539,1.74546,0.86049,-2.51179,0.516465,1.203851,1.114278,,,
1787584805539,0.65407,-0.05107,-1.52662,0.033951,1.090427,0.788531,,,
1787584805539,1.99887,0.53780,-2.83623,0.240422,0.255533,0.382540,,,
1787584805539,1.21691,0.92990,-2.17161,0.675757,0.105267,0.415777,,,
1787584805539,0.86909,0.53134,0.49922,0.437068,-0.429762,0.079034,,,
1787584805539,1.09692,0.71758,0.93156,0.081444,-0.882933,0.119392,,,
1787584805539,1.09692,0.71758,0.93156,0.081444,-0.882933,0.119392,,,
1787584805539,-0.03964,1.57573,0.07122,0.537586,-0.883552,0.249242,,,
1787584805539,-1.07173,1.91623,1.38634,1.050539,-0.272450,0.201623,,,
1787584805539,-0.76378,0.19852,3.58788,0.852146,0.185267,0.271433,,,
1787584805539,-0.95023,-0.46078,4.45677,0.090116,0.199038,-0.035189,,,
1787584805539,-0.17910,-0.70489,2.67912,0.019604,-0.254698,-0.195689,,,
1787584805539,0.57052,-0.12485,0.60433,0.552321,-0.536744,0.027984,,,
1787584805539,0.57052,-0.12485,0.60433,0.552321,-0.536744,0.027984,,,
1787584805539,0.86470,-0.59860,-0.59155,0.724675,0.670955,0.334728,,,
1787584805539,1.01291,-0.19004,-0.31849,0.347897,-0.106565,0.906875,,,
1787584805539,-0.44293,-0.57352,-2.39739,-0.020523,-0.835744,0.632180,,,
1787584805539,-0.90638,-0.92606,-4.27364,0.988455,-0.496641,-0.078411,,,
1787584805539,-0.00441,-1.30840,-1.63456,1.060580,-0.402254,-0.268936,,,
1787584805539,-0.95465,1.13442,-0.39063,-0.414180,-0.084789,-0.341093,,,
1787584805539,-0.95465,1.13442,-0.39063,-0.414180,-0.084789,-0.341093,,,
1787584805539,-0.50321,0.88272,-2.56233,-0.302928,0.920280,0.324318,,,
1787584805539,-1.51256,-0.72488,-1.36725,0.397492,1.022329,-0.359955,,,
1787584805539,0.21167,1.29249,0.10609,0.386436,0.566836,-0.449365,,,
1787584805539,1.08345,1.13331,0.41706,-0.022958,0.867593,0.243322,,,
1787584805539,-0.75988,0.52722,0.88067,0.141367,0.092590,-0.016403,,,
1787584805539,-0.85340,1.16540,0.96032,0.370964,0.077134,-0.086267,,,
1787584805539,-0.85340,1.16540,0.96032,0.370964,0.077134,-0.086267,,,
1787584805539,-0.34097,0.75551,1.77355,0.282780,0.340021,0.255632,,,
1787584805539,0.14317,-1.06245,2.05974,0.100537,0.390043,0.275887,,,
